experiment,data,model,lr,version,dev_det_precision,dev_det_recall,dev_det_f1,dev_det_auc,det_threshold,test_det_precision,test_det_recall,test_det_f1,test_det_auc,dev_phase_precision,dev_phase_recall,dev_phase_f1,phase_threshold,dev_phase_mcc,phase_threshold_mcc,test_phase_precision,test_phase_recall,test_phase_f1,test_phase_mcc,dev_P_mean_s,dev_P_std_s,dev_P_mae_s,dev_S_mean_s,dev_S_std_s,dev_S_mae_s,test_P_mean_s,test_P_std_s,test_P_mae_s,test_S_mean_s,test_S_std_s,test_S_mae_s
geofon_eqtransformer,geofon,eqtransformer,0.001,1,0.9589830508474576,0.9196676900848835,0.9389139854337604,0.980983836566839,0.78057474,0.9472294872574661,0.9027116011082902,0.924434894102004,0.9740307173421089,0.9761593504885097,1.0,0.9879358668593213,8265370400000000.0,0.0,2.136922e+31,0.9852687839568885,0.9999439631501675,0.9925521322928197,0.0,0.23364329642290507,1.4604289611479302,0.7194888689338962,-0.33236331024530974,5.540567298535258,4.895696311688312,0.24255843009402941,1.5069906145865708,0.7331684754838782,-1.2351747556221886,5.504971206153162,4.833834770614693
geofon_seismoe,geofon,seismoe,0.001,0,0.5006515129578688,0.9992414664981036,0.6670765966168722,0.6144741478587467,0.00048793427,0.5005897082832227,0.9988638866668985,0.6669375875655048,0.6178819739464242,0.9927815544186699,0.9984845814977974,0.995624901164936,1.4106795,0.7919148975060782,3.055833,0.9965291384425908,0.9975119638674392,0.9970203089469144,0.7728477304208993,0.266972988052861,3.491726836839005,2.537152815154195,-0.05229116017315973,1.6064191655173403,0.9199427532467533,0.19270222065069956,3.411647963804261,2.437007663151288,0.11634698350824615,1.4882974494457342,0.7895238230884555
